Cancer,Gender,Age,IDH1,TP53,ATRX,PTEN,EGFR,CIC,MUC16,PIK3CA,NF1,PIK3R1,FUBP1,RB1,NOTCH1,BCOR,CSMD3,SMARCA4,GRIN2A,IDH2,FAT4,PDGFRA
1,0,51.3,1,0,0,0,0,0,0,1,0,0,1,0,0,0,0,0,0,0,0,0
1,0,38.72,1,0,0,0,0,1,0,0,0,0,0,0,0,0,0,0,0,0,0,0
1,0,35.17,1,1,1,0,0,0,0,0,0,0,0,0,0,0,0,0,0,0,0,0
1,1,32.78,1,1,1,0,0,0,1,0,0,1,0,0,0,0,0,0,0,0,1,0
1,0,31.51,1,1,1,0,0,0,0,0,0,0,0,0,0,0,0,0,0,0,0,0
1,1,33.21,1,0,1,0,0,0,0,0,0,0,0,0,0,0,0,0,0,0,0,0
1,1,35.19,1,1,0,0,0,0,0,0,0,0,0,0,0,0,0,0,0,0,0,0
1,1,44.65,1,1,1,0,0,0,0,0,0,0,0,0,0,0,0,0,0,0,0,0
1,1,33.96,1,1,1,0,0,0,0,0,0,0,0,0,0,0,0,0,0,0,0,0
1,0,87,0,0,0,0,0,0,0,0,0,0,0,0,0,0,0,0,0,0,0,0
1,0,51.9,0,0,0,0,0,0,0,0,0,0,0,0,0,0,0,0,0,0,0,0
1,0,54.26,1,0,0,0,0,1,0,1,0,1,0,0,1,0,0,0,0,0,0,0
1,0,52.59,0,0,0,1,0,0,0,0,1,0,0,0,0,0,0,0,0,0,1,0
1,0,47.34,1,1,1,0,0,0,0,0,0,0,0,0,0,0,0,0,0,0,0,0
1,0,34.36,0,0,0,0,0,0,0,0,1,0,0,0,1,0,0,0,0,1,0,0
1,1,40.53,1,0,1,0,0,0,0,0,0,0,0,0,0,0,0,0,0,0,0,0
1,1,53.96,1,0,0,0,0,0,0,0,0,0,0,0,0,0,0,0,0,0,0,0
1,1,41.19,1,0,0,0,0,0,0,1,0,0,0,0,0,0,0,0,0,0,0,0
1,1,43.44,1,1,1,0,0,0,0,0,0,0,0,0,0,0,0,0,0,0,0,0
1,1,37.44,1,1,1,0,0,0,0,0,0,0,0,0,0,0,0,0,0,0,0,0
1,1,47.47,1,1,0,0,0,0,0,0,0,0,0,0,0,0,0,0,0,0,0,0
1,1,31.02,1,1,1,0,0,0,0,0,0,0,0,0,0,0,0,0,0,0,0,0
1,0,25.52,1,1,1,0,0,0,0,0,0,0,0,0,0,0,0,0,0,0,0,0
1,0,66.84,0,1,0,0,0,0,0,1,0,0,0,0,0,0,0,0,0,0,0,0
1,0,56.68,0,0,0,0,0,0,0,0,0,1,0,0,0,0,0,0,0,0,0,0
1,0,35.99,0,0,0,0,0,0,0,1,0,0,0,0,0,0,0,0,0,1,0,0
1,0,51.99,1,0,0,0,0,1,0,0,0,0,0,0,0,0,0,0,0,0,0,0
1,0,37.09,1,0,0,0,0,0,0,0,0,0,0,0,0,0,0,0,0,0,0,0
1,0,54.5,0,1,1,0,0,0,1,0,0,0,0,0,1,0,0,0,0,0,0,0
1,0,32.21,0,1,1,0,0,0,1,0,0,0,0,0,0,0,0,0,0,1,0,0
1,1,65.08,0,0,0,1,0,0,0,0,0,0,0,0,0,0,0,0,0,0,0,0
1,0,43.36,1,1,0,0,0,0,0,0,0,0,0,0,0,0,0,0,0,0,0,0
1,1,51.16,0,0,0,0,0,0,0,1,0,0,0,0,0,0,0,0,0,0,0,0
1,0,43.61,1,0,0,0,0,1,0,1,0,0,1,0,0,0,0,0,0,0,0,0
1,0,25.59,1,0,0,0,0,1,0,0,0,0,0,0,0,0,0,0,0,0,0,0
1,1,45.07,1,0,0,0,0,1,0,0,0,0,0,0,0,0,0,0,0,0,0,0
1,1,50.42,1,0,0,0,0,1,0,0,0,0,1,0,0,0,0,0,0,0,0,0
1,0,27.45,1,0,0,0,0,0,0,0,0,0,0,0,1,0,0,0,0,0,0,0
1,1,53.69,1,1,0,0,0,0,0,0,0,1,1,0,1,0,0,0,0,0,0,0
1,1,46.39,0,0,0,0,0,0,0,0,0,0,0,0,0,0,0,0,0,0,0,0
1,1,24.65,1,0,1,0,0,0,0,0,0,0,0,0,0,0,0,0,0,0,0,0
1,0,34.19,1,0,0,0,0,1,0,0,0,0,0,0,0,0,0,0,0,0,0,0
1,1,29.54,0,0,0,0,0,1,0,0,0,0,0,0,0,0,0,0,0,1,0,0
1,1,45.34,0,0,0,0,1,0,0,1,0,0,0,0,0,0,0,0,1,0,0,0
1,0,62.25,1,0,0,1,0,1,0,0,0,0,0,0,0,0,0,0,0,0,0,0
1,0,46.61,1,0,0,0,0,1,0,0,0,0,1,0,0,0,0,0,0,0,0,0
1,1,36.68,1,1,1,0,0,0,0,0,0,0,0,0,1,0,0,0,0,0,0,0
1,1,62.55,1,0,0,0,0,0,0,0,0,0,0,0,0,0,0,0,0,0,0,0
1,0,70.44,0,1,0,0,1,0,0,1,0,0,0,0,0,0,0,0,0,0,0,0
1,1,53.11,1,1,0,0,0,0,0,0,0,0,0,0,0,0,0,0,0,0,0,0
1,1,48.34,1,0,0,0,0,1,0,0,0,0,0,0,0,1,0,0,0,0,0,0
1,0,40.19,1,0,0,1,0,1,0,1,0,0,0,0,0,0,0,0,0,0,0,0
1,1,40.02,1,1,0,0,0,0,1,0,0,0,0,0,0,0,0,0,0,0,0,0
1,1,20.98,0,0,0,0,0,0,0,0,0,0,0,0,0,0,0,0,0,0,0,0
1,1,57.55,1,0,0,0,0,1,0,1,0,0,0,0,1,0,0,1,0,0,0,0
1,0,38.88,1,0,1,0,0,0,0,0,0,0,0,0,0,0,0,0,0,0,0,0
1,0,52.53,1,0,0,0,0,1,0,0,0,0,0,0,1,0,0,0,0,0,0,0
1,1,56.28,1,0,1,0,0,1,0,0,0,0,1,0,1,0,0,0,0,0,0,0
1,0,59.75,0,1,0,0,0,0,0,0,0,0,0,0,0,0,0,0,0,0,0,0
1,0,67.29,0,0,0,0,0,0,0,0,0,0,0,0,0,0,0,0,0,0,0,0
1,1,48.95,1,1,1,0,0,0,1,1,0,0,0,0,0,0,0,0,0,0,0,0
1,1,59.7,0,0,0,0,0,1,0,0,0,0,1,0,0,0,0,0,0,1,1,0
1,1,58.4,1,1,1,0,0,0,1,0,0,0,0,0,0,0,0,0,0,0,1,0
1,0,27.68,1,1,1,0,0,0,0,1,0,0,0,0,0,1,0,0,0,0,0,0
1,1,51.63,1,0,0,0,0,1,1,0,0,0,0,0,0,0,0,0,0,0,0,0
1,1,74.03,0,0,0,1,1,0,0,0,0,0,0,0,0,0,0,0,0,0,0,0
1,0,52.63,1,0,0,0,0,1,0,0,0,0,0,0,0,0,0,0,0,0,0,0
1,0,61.17,1,1,1,0,0,0,1,0,0,0,0,0,0,0,0,0,0,0,0,0
1,0,66.4,0,0,0,1,1,0,1,0,1,0,0,0,0,0,0,0,0,0,0,0
1,1,42.09,0,0,0,0,0,1,0,0,0,0,0,0,0,1,0,0,0,1,0,0
1,1,48.73,1,0,0,0,0,1,0,1,0,0,0,0,0,0,0,0,0,0,0,0
1,0,33.93,1,1,1,0,0,0,0,0,0,0,0,0,0,0,0,0,0,0,0,0
1,1,34.58,1,1,0,0,0,0,1,0,0,0,0,0,0,0,0,0,0,0,0,0
1,0,24.15,1,1,0,0,0,0,1,0,0,0,0,0,0,0,0,0,0,0,0,0
1,1,55.13,1,0,0,0,0,1,1,1,0,0,1,0,1,0,0,0,0,0,0,0
1,0,27.88,1,1,0,0,0,0,0,0,0,0,0,0,0,0,0,0,0,0,0,0
1,0,29.09,1,1,1,0,0,0,1,0,0,0,0,0,0,0,0,0,0,0,0,0
1,1,39.36,1,1,0,0,0,0,0,0,0,0,0,0,0,0,0,0,0,0,1,0
1,0,70.01,0,0,1,0,0,0,0,0,1,0,0,0,0,0,0,0,0,0,0,0
1,1,30.93,1,0,0,0,0,1,0,0,0,0,0,0,1,0,0,0,0,0,0,0
1,0,39.49,1,0,0,0,0,1,0,0,0,1,1,0,0,0,0,0,0,0,0,0
1,1,25.11,1,0,0,0,0,1,0,0,0,0,0,0,0,0,0,0,0,0,0,1
1,0,48.44,0,0,0,0,1,0,0,0,0,0,0,0,0,0,0,0,0,0,0,0
1,1,57.05,1,0,0,0,0,1,0,0,0,0,0,0,0,0,0,0,0,0,0,0
1,0,34.84,1,1,0,0,0,0,0,0,0,0,0,0,0,0,0,0,0,0,0,0
1,0,58.38,0,0,0,0,0,0,0,0,0,0,0,0,0,0,0,0,0,0,0,0
1,1,55.57,0,1,0,0,0,0,0,0,1,0,0,0,0,0,0,0,0,0,0,0
1,1,60.13,0,1,0,0,0,0,0,1,0,0,0,0,0,0,0,0,0,0,0,0
1,0,38.04,1,0,0,0,0,0,0,0,0,0,0,0,0,0,0,0,0,0,0,0
1,0,56.31,1,0,0,0,0,0,0,0,0,0,0,0,0,0,0,0,0,0,0,0
1,1,54.49,1,1,1,0,0,0,0,0,0,0,0,0,0,0,0,0,0,0,0,0
1,0,31.42,1,1,0,0,0,0,0,0,0,0,0,0,0,0,0,0,0,0,0,0
1,1,54.4,1,1,1,0,0,0,0,0,0,0,0,0,0,0,0,0,0,0,0,0
1,0,52.66,1,0,0,0,0,0,0,0,0,0,0,0,0,1,0,0,0,0,0,0
1,1,33.15,1,1,1,0,0,0,1,0,0,0,0,0,0,0,0,0,0,0,0,0
1,1,42.47,1,1,1,0,0,0,0,0,0,0,0,0,0,0,0,0,0,0,0,0
1,0,20.21,0,0,1,0,0,0,0,0,0,0,0,0,0,0,0,1,0,0,0,0
1,1,64.29,1,0,0,0,0,1,0,0,0,0,0,0,0,0,0,0,0,0,0,0
1,0,29.64,1,1,1,0,0,0,0,0,0,0,0,0,0,0,0,0,0,0,0,0
1,0,36.61,1,1,1,0,0,0,1,0,0,0,0,0,0,0,0,0,0,0,0,0
1,0,31.99,1,0,0,0,0,0,0,0,0,0,0,0,0,0,0,0,0,0,0,0
1,0,35.19,1,1,1,0,0,0,0,0,0,1,0,0,0,0,0,0,0,0,0,0
1,0,36.18,1,1,1,0,0,0,0,1,0,0,0,0,0,0,0,0,0,0,0,0
1,1,32.47,0,1,1,0,0,0,0,0,0,0,0,0,0,0,0,0,0,0,0,0
1,0,38.8,1,0,0,0,0,0,0,0,0,0,0,0,0,0,0,0,0,0,0,0
1,0,29.82,0,0,0,0,0,1,0,1,0,0,0,0,0,0,0,0,0,1,0,0
1,0,41.21,1,1,1,0,0,0,0,0,0,1,0,0,0,0,0,0,0,0,0,0
1,0,35.52,1,1,1,0,0,0,1,0,0,0,0,0,0,0,0,0,0,0,0,0
1,1,33.11,1,0,1,0,0,0,0,0,0,0,0,0,0,0,0,0,1,0,0,0
1,0,32.14,1,1,1,0,0,0,0,0,0,0,0,0,0,1,0,0,0,0,0,0
1,1,49.76,0,0,0,0,0,0,0,0,0,0,0,0,0,0,0,0,0,1,0,0
1,0,69.59,0,0,0,0,1,0,0,0,0,0,0,0,0,0,0,0,0,0,0,0
1,0,14.42,1,1,0,0,0,0,0,0,0,0,0,0,0,0,0,0,0,0,0,0
1,1,33.96,1,0,1,0,0,0,0,0,0,0,0,0,0,0,0,0,0,0,0,1
1,0,47.25,1,0,0,0,0,1,0,0,0,0,1,0,0,0,0,0,0,0,0,0
1,0,33.16,1,1,1,0,0,0,0,0,0,0,0,0,0,0,0,0,0,0,0,0
1,0,64,0,0,0,1,1,0,0,0,0,0,0,0,0,0,0,0,0,0,0,0
1,0,62.56,0,0,0,0,0,0,0,0,0,1,0,0,0,0,1,0,0,0,1,0
1,1,37.23,1,0,0,0,0,1,0,0,0,0,1,0,0,0,0,0,0,0,0,0
1,0,53.5,1,0,0,0,0,0,0,0,1,1,1,0,1,0,0,0,0,0,0,0
1,1,53.2,1,0,0,0,0,1,0,1,0,0,0,0,0,0,0,0,0,0,0,0
1,1,45.21,1,0,0,0,0,0,0,0,0,0,0,0,0,0,0,0,0,0,0,0
1,1,33.91,0,0,0,0,0,0,0,0,0,0,0,0,0,0,0,0,0,1,0,0
1,1,53.98,0,0,0,0,1,0,0,0,0,0,0,0,0,0,0,0,0,0,0,0
1,0,52.43,1,1,1,0,0,0,0,0,0,0,0,0,0,0,0,0,0,0,0,0
1,1,64.83,1,0,0,0,0,1,0,0,1,0,0,0,0,0,0,0,0,0,0,0
1,1,71.19,0,0,0,0,0,0,0,0,0,0,0,0,0,0,0,0,0,1,0,0
1,1,40.82,1,1,1,0,0,0,0,0,0,0,0,0,0,0,0,0,0,0,0,0
1,0,36.97,1,1,1,0,0,0,0,0,0,0,0,0,0,0,0,0,0,0,0,0
1,0,25.68,1,1,0,0,0,0,0,0,0,0,0,0,0,0,0,0,0,0,0,0
1,1,63.47,0,0,0,0,0,0,0,0,0,0,0,0,0,0,0,0,0,0,0,0
1,0,40.85,1,0,0,0,0,1,0,0,0,1,1,0,0,0,0,0,0,0,0,0
1,0,47.59,1,1,1,0,0,0,0,0,0,0,0,0,0,0,0,0,0,0,0,0
1,1,73.66,1,0,0,0,0,1,0,0,0,0,0,0,0,0,0,0,0,0,0,0
1,0,24.14,1,1,1,0,0,0,0,0,0,0,0,0,0,0,0,0,0,0,0,0
1,1,48.94,1,0,1,0,0,0,0,0,0,0,0,0,0,0,0,0,0,0,0,0
1,0,41.89,1,1,0,0,0,1,0,0,0,0,1,0,0,0,0,0,0,0,0,0
1,1,36.52,1,0,0,0,0,0,0,0,0,0,0,0,1,0,0,0,0,0,0,0
1,0,45.92,1,0,0,0,0,1,0,0,0,0,1,0,0,0,0,0,0,0,0,0
1,0,39.36,1,1,0,0,0,0,1,0,0,0,0,0,0,0,0,0,0,0,0,0
1,1,44.56,1,1,1,0,0,0,0,0,0,0,0,0,0,0,0,0,0,0,0,0
1,1,27.02,1,0,0,0,0,1,0,0,0,0,0,0,0,0,0,0,0,0,0,0
1,0,50.5,1,1,1,0,0,0,1,0,0,0,0,0,0,0,0,0,0,0,0,0
1,0,42.39,1,1,1,0,0,0,0,0,0,0,0,0,0,0,1,0,0,0,0,0
1,0,40.68,1,1,0,0,0,0,1,0,0,0,0,0,0,0,0,0,0,0,1,0
1,1,62.53,1,1,1,0,0,0,0,0,0,0,0,0,0,0,0,0,0,0,0,0
1,1,33.53,1,1,1,0,0,0,0,0,0,0,0,0,0,0,0,0,0,0,0,0
1,0,46.12,0,0,0,0,0,0,0,0,0,0,0,0,0,0,0,0,0,1,0,0
1,0,41.32,1,1,1,0,0,0,0,0,0,0,0,0,0,0,0,0,0,0,0,0
1,0,47.91,0,1,0,0,0,0,0,0,1,0,0,0,1,0,0,0,0,0,0,0
1,0,56.44,1,0,0,0,0,1,0,0,0,0,0,0,1,0,0,0,0,0,0,0
1,1,38.18,0,1,0,0,0,0,0,0,1,0,0,0,0,0,0,0,0,0,0,0
1,0,60.18,1,1,1,0,0,0,0,0,0,0,0,0,0,0,0,0,0,0,0,0
1,0,29.41,1,1,1,0,0,0,0,0,0,0,0,0,0,0,0,0,0,0,0,0
1,1,59.54,0,0,0,0,0,0,0,0,0,0,0,1,0,0,0,0,0,0,0,0
1,0,44.18,1,1,0,0,0,0,0,0,0,0,0,0,0,0,0,0,0,0,0,0
1,1,69.16,1,1,1,0,0,0,0,0,0,0,0,0,0,0,0,0,0,0,0,0
1,0,63.69,0,0,0,0,1,0,0,0,0,0,0,1,0,0,0,0,0,0,0,0
1,0,43.39,1,1,0,0,0,0,0,0,0,0,0,0,1,0,0,1,0,0,0,0
1,1,61.87,0,0,0,0,1,0,0,0,0,0,0,0,0,0,0,0,0,0,0,0
1,0,39.18,1,0,1,0,0,0,1,0,0,0,0,0,0,0,0,0,0,0,0,0
1,0,51.45,1,1,1,0,0,0,0,0,0,0,0,0,1,0,0,0,0,0,0,0
1,1,41.56,1,1,0,0,0,0,0,0,0,0,0,0,0,0,0,0,0,0,0,0
1,0,60.99,1,0,0,0,0,1,0,0,0,0,0,0,0,0,0,0,0,0,0,0
1,0,74.43,1,0,0,0,0,0,0,0,0,0,0,0,0,0,0,0,0,0,0,0
1,0,63.22,0,1,0,0,0,0,0,0,0,0,0,0,0,0,0,0,0,0,0,0
1,0,66.47,0,0,0,0,1,0,1,0,0,0,0,0,0,0,0,0,0,0,0,0
1,0,51.85,1,0,0,0,0,0,0,1,0,0,0,0,0,0,0,0,0,0,0,0
1,0,39.17,1,0,0,0,0,0,0,1,0,1,1,0,1,0,0,0,0,0,0,0
1,0,38.3,1,1,0,0,0,0,0,0,0,0,0,0,0,0,0,0,0,0,0,0
1,1,37.25,1,0,0,0,0,0,0,0,1,0,0,0,0,0,0,0,0,0,0,0
1,1,30.09,1,1,1,0,0,0,0,0,0,0,0,0,0,0,0,0,0,0,0,0
1,1,54.39,0,0,0,0,0,0,0,0,1,0,0,0,0,1,0,0,0,0,0,0
1,0,36.98,1,1,0,0,0,0,0,0,0,0,0,0,0,0,0,0,0,0,0,0
1,0,48.54,0,0,0,0,0,0,0,0,0,1,0,0,0,0,0,0,0,0,0,0
1,0,29.22,1,1,1,0,0,0,0,0,0,0,0,0,0,0,0,0,0,0,0,0
1,0,32.37,1,1,0,0,0,0,0,0,0,0,0,0,0,0,0,0,0,0,0,0
1,1,44.1,1,0,0,0,0,1,0,0,0,0,0,0,0,0,0,0,0,0,0,0
1,0,30.9,1,0,0,0,0,1,0,0,0,0,0,0,0,0,0,0,0,0,0,0
1,1,57.79,0,0,0,0,0,0,1,0,0,0,0,0,0,0,0,0,0,0,0,1
1,0,19.15,1,1,1,0,0,0,0,0,0,0,0,0,0,0,0,0,0,0,0,0
1,0,70.66,1,0,0,0,0,0,0,0,0,0,0,1,0,0,0,0,0,0,0,0
1,0,63.18,0,0,0,1,1,0,0,0,0,0,0,0,0,0,0,0,0,0,0,0
1,0,41.7,1,1,1,0,0,0,0,0,0,0,0,0,0,0,0,0,0,0,0,0
1,0,29.8,1,1,1,0,0,0,0,0,0,0,0,0,0,0,0,0,0,0,0,0
1,0,42.87,1,0,0,0,0,0,0,0,1,0,1,0,0,0,0,0,0,0,0,0
1,1,51.47,1,0,0,0,0,1,0,0,0,0,0,0,0,0,0,0,0,0,0,0
1,1,38.07,1,1,1,0,0,0,1,0,0,0,0,0,0,0,0,0,0,0,0,0
1,0,28.94,1,1,1,0,0,0,0,0,0,0,0,0,0,0,0,0,0,0,0,0
1,1,32.45,1,0,0,0,0,0,0,0,0,0,0,0,0,0,0,0,0,0,0,0
1,1,26.12,1,1,1,0,0,0,0,0,0,0,0,0,0,0,0,0,0,0,0,0
1,0,67.9,1,1,1,0,0,0,0,0,0,0,0,0,0,0,0,0,0,0,0,0
1,0,40.89,1,0,0,0,0,1,1,0,0,0,0,0,0,0,0,0,0,0,0,0
1,0,59.81,1,1,1,0,0,0,0,0,0,0,0,0,0,0,0,1,0,0,0,0
1,0,58.04,0,0,0,1,0,0,0,0,1,0,0,0,0,0,0,0,0,0,0,0
1,1,56.47,1,1,0,0,0,0,0,0,0,0,0,0,0,0,1,0,0,0,0,0
1,1,20.76,1,0,0,0,0,1,0,0,0,0,0,0,0,0,0,0,0,0,0,0
1,0,49.81,1,0,0,0,0,0,0,0,0,0,0,0,0,0,0,0,0,0,0,0
1,1,37.08,1,0,0,0,0,1,0,0,0,0,0,0,0,0,0,0,0,0,0,0
1,1,48.67,0,0,0,0,0,1,0,0,0,0,0,0,0,0,0,0,0,1,0,0
1,0,71.62,1,0,0,0,0,0,0,0,0,1,0,0,0,0,0,0,0,0,0,0
1,1,43.87,0,0,0,0,1,0,0,0,0,0,0,0,0,0,0,1,0,0,0,0
1,1,27.85,1,1,1,0,0,0,0,0,0,0,0,0,0,0,0,0,0,0,0,0
1,1,25.21,1,1,1,0,0,0,1,0,0,0,0,0,0,0,0,0,0,0,0,0
1,0,30.35,1,0,0,0,0,0,0,0,0,0,0,0,0,0,0,0,0,0,0,0
1,0,31.72,1,1,1,0,0,0,0,0,0,0,0,0,0,0,0,0,0,0,0,0
1,0,30.81,1,1,1,0,0,0,0,0,0,0,0,0,0,0,0,0,0,0,0,0
1,1,30.76,1,1,0,1,0,0,0,0,0,0,0,0,0,0,0,1,0,0,0,0
1,1,24.4,0,0,0,0,0,0,0,0,1,0,0,0,0,0,0,0,0,0,0,0
1,1,41.18,1,1,1,0,0,0,0,0,0,0,0,0,0,0,1,0,0,0,0,0
1,0,34.52,1,1,0,0,0,0,0,0,0,0,0,0,0,0,0,0,0,0,0,0
1,1,56.42,1,0,0,0,0,0,0,0,0,0,0,0,0,0,0,0,0,0,0,0
1,1,39.95,1,1,0,0,0,0,0,0,0,0,0,0,0,0,0,0,0,0,0,0
1,1,23.01,1,1,1,0,0,0,0,0,0,0,0,0,0,0,0,0,0,0,0,0
1,1,31.75,1,1,1,0,0,0,0,0,0,0,0,0,0,0,0,0,0,0,0,0
1,0,17.74,1,0,0,0,0,1,0,0,0,0,0,0,0,0,0,0,0,0,0,0
1,0,64.3,1,0,0,0,0,0,0,0,0,0,0,0,0,0,0,1,0,0,0,0
1,1,27.61,1,1,1,0,0,0,1,0,0,0,0,0,0,0,0,0,0,0,0,0
1,0,69.18,0,0,0,0,1,0,0,0,0,0,0,0,0,0,0,0,0,0,0,0
1,0,37.14,1,1,1,0,0,0,0,0,0,0,0,0,0,0,0,0,0,0,0,0
1,0,44.25,1,0,0,0,0,0,0,0,0,0,0,0,1,1,0,0,0,0,0,0
1,0,25.27,1,1,1,0,0,0,0,0,0,0,0,0,0,0,0,0,0,0,0,0
1,1,29.64,1,0,0,0,0,1,0,0,0,0,0,0,0,0,0,0,0,0,0,0
1,0,26.57,1,1,1,0,0,0,0,0,0,0,0,0,0,0,0,0,0,0,0,0
1,1,47.81,1,0,0,0,0,0,0,0,0,0,1,0,1,0,1,0,0,0,0,0
1,0,39.69,1,1,1,0,0,0,0,0,0,0,0,0,0,0,0,1,0,0,0,0
1,1,35.07,1,0,0,0,0,0,0,0,0,0,0,0,0,0,0,0,0,0,0,0
1,1,74.56,1,0,1,0,0,1,0,0,0,0,0,0,0,0,0,0,0,0,0,0
1,0,50.46,1,0,0,0,0,1,0,0,0,0,0,0,0,0,0,1,0,0,0,0
1,0,65.86,1,1,0,0,0,0,0,0,0,0,0,0,0,0,0,0,0,0,0,0
1,1,60.32,0,0,0,0,0,0,0,0,0,0,0,0,0,1,0,0,0,0,0,0
1,1,34.95,1,0,0,0,0,1,0,0,0,1,0,0,0,0,0,0,0,0,0,0
1,1,44.63,1,1,1,0,0,0,0,0,0,0,0,0,0,0,0,0,0,0,0,0
1,0,21.67,1,1,1,0,0,0,0,0,0,0,0,0,0,0,0,0,0,0,0,0
1,0,55.24,0,0,0,0,0,0,0,0,0,0,0,0,0,0,0,0,0,0,0,0
1,0,43.99,1,0,0,0,0,0,0,0,0,0,0,0,0,0,0,0,0,0,0,0
1,0,36.13,1,1,1,0,0,0,0,0,0,0,0,0,0,0,0,0,0,0,0,0
1,0,70.27,1,1,1,0,0,0,0,0,0,0,0,0,0,0,0,1,0,0,0,0
1,1,23.96,1,1,1,0,0,0,0,0,0,0,0,0,0,0,0,0,0,0,0,0
1,0,43.53,1,1,0,0,0,0,0,0,0,0,0,0,0,0,0,0,0,0,0,0
1,0,30.72,1,1,1,0,0,0,0,0,0,0,0,0,0,0,0,0,0,0,0,0
1,1,38.38,1,0,0,0,0,1,0,0,0,0,0,0,0,0,0,0,0,0,0,0
1,1,34.52,0,0,0,1,0,0,0,0,1,0,0,1,0,0,0,0,0,0,0,0
1,0,55.25,0,0,0,0,1,0,0,0,0,0,0,0,0,0,0,0,0,0,0,0
1,0,30.65,1,0,0,0,0,1,1,0,0,0,0,0,0,0,0,0,1,0,0,0
1,1,61.19,0,0,1,0,1,0,0,0,0,0,0,0,0,0,0,0,0,0,0,0
1,0,44.94,1,1,1,0,0,0,0,0,0,0,0,0,0,0,0,0,0,0,0,0
1,1,35.65,1,1,1,0,0,0,0,0,0,0,0,0,0,0,0,0,0,0,0,0
1,0,68.35,1,0,0,0,0,0,0,0,0,0,0,0,1,0,0,0,0,0,0,0
1,1,44.56,1,1,0,0,0,0,1,0,0,0,0,0,0,0,1,1,0,0,0,0
1,0,38.24,1,1,1,0,0,0,0,0,0,0,0,0,0,1,0,0,0,0,0,0
1,0,52.09,0,0,0,1,1,0,0,0,0,0,0,0,0,0,0,0,0,0,0,0
1,1,36.5,1,1,1,0,0,0,1,0,0,0,0,0,0,0,0,0,0,0,0,0
1,1,33.48,1,1,1,0,0,0,0,0,0,0,0,0,0,0,0,0,0,0,0,0
1,1,60.33,0,0,0,1,0,0,1,0,1,0,0,0,0,0,0,0,0,0,0,0
1,1,44.25,1,1,0,0,0,0,0,0,0,0,0,0,0,0,0,0,0,0,0,0
1,1,58.43,0,0,0,0,1,0,0,0,0,0,0,0,0,0,0,0,0,0,0,0
1,0,34,1,0,0,0,0,1,0,0,0,0,0,0,1,0,0,0,0,0,0,0
1,0,62.64,0,0,0,0,1,0,0,0,0,0,0,0,0,0,0,0,0,0,0,0
1,1,44.62,1,1,0,0,0,0,0,0,0,1,0,0,0,1,0,0,0,0,0,0
1,0,36.85,1,1,1,0,0,0,0,0,0,0,0,0,0,0,0,0,0,0,0,0
1,1,29.36,1,1,1,0,0,0,0,0,0,0,0,0,0,0,0,0,0,0,0,0
1,1,20.84,1,1,1,0,0,0,0,0,0,0,0,0,0,0,0,0,0,0,0,0
1,1,61.84,1,0,0,0,0,0,0,1,0,0,0,0,0,0,0,0,0,0,0,0
1,1,41.61,0,1,1,0,0,0,0,0,0,0,0,0,0,0,0,0,0,1,0,0
1,0,47.61,1,0,0,0,0,0,0,0,0,0,0,0,0,0,0,0,0,0,0,0
1,1,59.58,0,0,0,0,0,0,0,0,0,0,0,0,0,0,0,0,0,0,0,0
1,0,48.85,1,1,1,0,0,0,1,0,0,0,0,0,0,0,0,0,0,0,0,0
1,1,38.07,1,1,1,0,0,0,0,0,0,0,0,0,0,0,0,0,0,0,0,0
1,1,27.16,1,1,0,0,0,0,0,0,0,0,0,0,0,0,1,0,0,0,0,0
1,1,58.04,1,1,1,0,0,0,0,0,0,0,0,0,0,0,0,0,0,0,0,0
1,0,41.32,0,0,0,1,0,0,0,0,1,0,0,0,0,0,0,0,0,0,0,0
1,0,26.32,0,1,1,0,0,0,0,0,0,0,0,0,0,0,0,0,0,1,1,0
1,1,44.57,1,1,1,0,0,0,0,0,0,0,0,0,0,0,0,0,0,0,0,0
1,0,32.54,1,1,0,0,0,0,0,0,0,0,0,0,0,0,0,0,0,0,0,0
1,0,22.84,1,1,1,0,0,0,0,0,0,0,0,0,0,0,0,0,0,0,0,0
1,1,25.87,1,1,1,0,0,0,0,0,0,0,0,0,0,1,0,0,0,0,0,0
1,1,34.07,1,0,0,0,0,1,0,0,0,0,0,0,0,0,0,0,0,0,0,0
1,0,24.76,1,1,1,0,0,0,1,0,0,0,0,0,0,0,1,0,0,0,0,0
1,1,30.95,1,1,1,0,0,0,0,0,0,0,0,0,0,0,0,0,0,0,0,0
1,0,39.77,1,1,1,0,0,0,0,0,0,0,0,0,0,0,0,0,0,0,0,0
1,1,22.65,1,0,1,0,0,0,0,0,0,0,0,0,0,0,0,0,0,0,0,0
1,0,53.78,1,1,1,0,0,0,0,0,0,0,0,0,0,0,0,0,0,0,0,0
1,0,30.97,1,1,1,0,0,0,0,0,0,0,0,0,0,0,0,0,0,0,0,0
1,1,37.65,1,1,1,0,0,0,0,0,0,0,0,0,0,0,0,0,0,0,0,0
1,1,36.2,1,0,1,0,0,0,0,0,0,0,0,0,0,0,0,0,0,0,0,0
1,1,41.86,1,1,1,0,0,0,0,0,0,0,0,0,0,0,0,1,0,0,0,0
1,0,57.55,0,1,0,0,1,0,0,1,0,0,0,0,0,0,0,0,0,0,0,0
1,0,52.67,1,1,1,0,0,0,0,0,0,0,0,0,0,0,0,0,0,0,0,0
1,0,31.95,1,1,1,0,0,0,0,0,0,0,0,0,0,0,0,0,0,0,0,0
1,1,32.46,1,1,1,0,0,0,0,0,0,0,0,0,0,0,0,1,0,0,0,0
1,0,44.36,1,1,1,0,0,0,0,0,0,0,0,0,0,0,0,0,0,0,0,0
1,0,40.29,1,0,0,0,0,1,0,0,0,0,0,0,0,0,0,0,0,0,0,0
1,1,44.72,1,1,1,0,0,0,0,0,0,0,0,0,0,0,0,1,0,0,0,0
1,1,39.01,1,1,1,0,0,0,0,0,0,0,0,0,0,0,0,0,0,0,0,0
1,0,62.25,0,0,0,0,0,0,0,0,0,0,0,0,0,0,0,0,0,0,0,0
1,0,45.81,1,0,0,0,0,0,1,0,0,0,0,0,0,0,0,0,0,0,0,0
1,0,48.36,0,0,0,0,0,0,0,0,0,0,0,0,0,0,0,0,0,1,0,0
1,0,49.51,1,0,0,0,0,0,0,0,0,0,0,0,0,0,0,0,0,0,0,0
1,1,38.53,1,0,0,0,0,0,0,0,0,0,0,0,0,0,0,0,0,0,0,0
1,1,28.32,1,1,0,0,0,0,0,0,0,0,0,0,0,0,0,0,0,0,0,0
1,1,38.75,1,1,1,0,0,0,0,0,0,0,0,0,0,0,0,0,0,0,0,0
1,1,37.22,0,1,1,0,0,0,0,0,0,0,0,0,0,0,0,0,0,0,0,0
1,1,58.43,0,0,0,0,1,0,0,0,0,0,0,0,0,0,0,0,0,0,0,0
1,1,41.49,1,1,0,0,0,0,0,0,0,0,0,0,0,0,0,0,1,0,0,0
1,0,60.04,1,0,0,0,0,1,0,0,0,1,1,0,0,0,0,0,0,0,0,0
1,1,50.64,1,1,1,0,0,0,0,0,0,0,0,0,0,0,0,0,0,0,0,0
1,0,75.8,1,0,0,0,0,1,0,0,0,0,1,0,0,0,0,0,0,0,0,0
1,0,43.39,0,0,0,1,0,0,0,0,0,0,0,0,0,0,0,0,0,0,0,0
1,1,52.17,1,0,0,0,0,1,0,0,0,0,1,0,0,0,0,0,0,0,0,0
1,0,38.91,1,1,1,0,0,0,0,0,0,0,0,0,0,0,0,0,0,0,0,0
1,0,50.64,1,0,0,0,0,0,0,0,0,1,0,0,0,0,0,0,0,0,0,0
1,0,66.94,0,0,0,0,0,0,0,0,0,0,0,0,0,0,0,0,0,0,0,1
1,0,30.16,1,1,0,0,0,0,0,0,0,0,0,0,0,0,0,0,0,0,0,0
1,0,59.72,0,0,0,0,0,0,0,0,1,0,0,0,0,0,0,0,0,0,0,0
1,1,35.1,1,0,0,0,0,0,0,0,0,0,0,0,1,0,0,0,0,0,0,0
1,1,38.56,1,1,1,0,0,0,0,0,0,0,0,0,0,0,0,0,0,0,0,0
1,0,42.85,1,0,1,0,0,0,0,0,0,0,0,0,0,0,0,0,0,0,0,0
1,1,59.45,1,0,0,0,0,0,0,0,0,0,0,0,0,0,0,0,0,0,0,0
1,0,26.26,1,0,0,0,0,1,0,0,0,1,0,0,0,0,0,0,0,0,0,0
1,0,58.73,0,0,0,0,1,0,0,0,0,0,0,0,0,0,0,0,0,0,0,0
1,0,31.03,1,0,0,0,0,1,0,0,0,0,0,0,1,0,0,0,0,0,0,0
1,1,30.44,1,1,1,0,0,0,1,0,0,0,0,0,0,0,0,0,0,0,0,0
1,1,45.63,0,0,0,1,0,0,0,0,0,0,0,1,0,0,0,0,0,0,0,0
1,1,37.45,1,0,0,0,0,0,0,0,0,0,1,0,0,0,0,0,0,0,0,0
1,1,34.44,1,1,0,0,0,0,0,0,0,0,0,0,0,0,0,0,0,0,0,0
1,1,34.93,1,0,0,0,0,0,0,0,0,0,0,0,0,0,0,0,0,0,0,0
1,0,32.15,1,1,1,0,0,0,0,0,0,0,0,0,0,0,0,0,0,0,0,0
1,0,66.48,1,0,0,0,0,1,0,0,0,0,0,0,0,0,0,0,0,0,0,0
1,0,46.24,0,0,0,1,0,0,0,1,0,0,0,0,0,0,0,0,0,0,0,0
1,1,38.89,1,1,1,0,0,0,0,1,0,0,0,0,0,0,0,0,0,0,0,0
1,0,33.58,1,1,0,0,0,0,0,0,1,0,0,0,0,0,0,0,0,0,0,0
1,0,40.17,1,0,0,0,0,0,0,0,0,0,0,0,0,0,0,0,0,0,0,0
1,1,52.4,1,1,0,0,0,0,0,0,0,0,0,0,0,0,0,0,0,0,0,0
1,1,58.15,1,0,0,0,0,1,0,0,0,0,0,0,0,1,0,0,0,0,0,0
1,1,31.51,1,1,1,0,0,0,0,0,0,0,0,0,0,0,0,0,0,0,0,0
1,1,43.77,1,1,1,0,0,0,0,0,0,0,0,0,0,0,0,0,0,0,0,0
1,0,33.53,1,1,0,0,0,0,0,0,0,0,0,0,0,0,0,0,0,0,0,0
1,1,55.11,1,0,0,0,0,1,0,0,0,0,1,0,0,0,0,0,0,0,0,0
1,0,43.62,1,1,1,0,0,0,0,0,0,0,0,0,0,0,0,0,0,0,0,0
1,0,60.34,1,0,0,0,0,1,0,1,0,0,1,0,1,0,0,0,0,0,0,0
1,0,33.91,1,0,0,0,0,1,0,0,0,0,1,0,0,0,0,0,0,0,0,0
1,1,48.22,1,0,0,0,0,1,0,0,0,0,1,0,0,0,0,0,0,0,0,0
1,1,70.56,0,0,0,0,1,0,0,0,0,0,0,0,0,0,0,0,0,0,0,0
1,0,53.54,1,1,0,0,0,0,1,0,0,0,0,0,0,0,0,0,0,0,1,0
1,0,66.37,0,0,1,0,0,0,0,0,1,0,0,0,0,0,0,0,0,0,0,0
1,0,36.75,1,0,0,0,0,0,0,1,0,0,0,0,0,0,0,0,0,0,0,0
1,0,40.13,1,0,0,0,0,0,0,1,0,0,1,0,0,0,0,0,0,0,0,0
1,1,73.28,1,0,0,0,0,1,1,0,0,0,0,0,0,0,0,0,0,0,0,0
1,0,36.45,1,1,1,0,0,0,0,0,0,0,0,0,0,0,0,0,0,0,0,0
1,1,74.15,1,0,0,0,0,1,0,0,0,0,0,0,0,0,0,0,0,0,0,0
1,1,43.4,1,0,0,0,0,1,0,0,0,0,0,0,0,0,0,0,0,0,0,0
1,0,40.88,0,0,0,1,0,0,0,0,0,0,0,0,0,0,0,0,0,0,0,0
1,0,38.35,1,0,0,0,0,1,0,0,0,0,1,0,0,0,0,0,0,0,0,0
1,1,54.8,1,0,0,0,0,0,0,0,0,0,1,0,1,0,0,0,0,0,0,0
1,1,63.15,0,0,0,0,0,0,0,0,0,0,0,0,0,0,0,0,0,0,0,0
1,0,62.83,1,1,1,0,0,0,0,0,0,0,0,0,0,0,0,0,0,0,0,0
1,1,35.15,0,1,1,1,1,1,1,1,1,0,1,1,1,1,1,1,1,0,1,1
1,0,39.48,1,1,0,0,0,0,0,0,0,0,0,0,0,0,1,1,0,0,0,0
1,0,29.93,1,1,1,0,0,0,0,0,0,0,0,0,0,0,0,0,0,0,0,0
1,0,46.91,1,1,0,0,0,0,0,0,0,0,0,0,0,0,0,1,0,0,0,0
1,1,46.3,1,0,0,0,0,1,0,0,0,0,0,0,0,0,0,0,0,0,0,0
1,1,51.9,1,1,1,0,0,0,0,0,0,0,0,0,0,0,0,0,0,0,0,0
1,0,54.61,1,0,0,0,0,1,0,0,0,0,0,0,0,0,0,0,0,0,0,0
1,1,42.25,1,0,0,0,0,0,0,0,0,0,0,0,1,0,0,0,0,0,0,0
1,0,64.3,0,0,0,0,0,0,0,0,0,0,0,0,0,0,0,0,0,0,0,0
1,0,29.6,1,1,0,0,0,0,0,0,0,0,0,0,0,0,0,0,0,0,0,0
1,1,65.53,1,0,0,0,0,1,0,1,0,0,0,0,0,1,0,0,0,0,0,0
1,1,41.25,1,1,0,0,0,0,0,0,0,0,0,0,0,0,0,0,0,0,0,0
1,1,31.56,1,0,1,0,0,1,0,0,0,0,0,0,1,0,0,0,0,0,0,0
1,1,58.01,1,0,0,0,0,0,0,0,0,1,0,0,0,0,0,0,0,0,0,0
1,0,54.87,1,1,0,0,0,1,0,0,0,0,1,0,1,1,0,0,0,0,0,0
1,0,28.07,1,1,1,0,0,0,0,0,0,0,0,0,0,0,0,0,1,0,0,0
1,1,20.32,1,1,1,0,0,0,0,0,0,0,0,0,0,0,0,0,0,0,0,0
1,0,34.44,1,0,0,0,0,0,0,0,0,0,0,0,0,0,0,1,0,0,0,0
1,0,54.54,1,0,0,0,0,1,0,0,0,0,0,0,0,0,0,0,0,0,0,0
1,0,45.71,1,0,0,0,0,1,0,0,0,0,1,0,0,0,0,0,0,0,0,0
1,1,48.89,1,1,1,0,0,0,0,0,0,0,0,0,0,0,0,0,0,0,0,0
1,0,29.24,1,1,1,0,0,0,0,0,0,0,0,0,0,0,0,0,0,0,0,0
1,0,22.02,0,0,0,0,0,0,0,0,0,0,0,0,0,0,0,0,0,1,0,0
1,0,32.44,0,0,0,0,0,0,0,0,1,0,0,0,0,0,0,0,0,0,0,0
1,0,40.14,1,1,0,0,0,1,1,0,0,0,1,0,0,0,0,0,0,0,0,0
1,1,61.13,1,0,0,0,0,1,0,0,0,0,0,0,0,0,0,0,0,0,0,0
1,0,57.76,0,0,0,0,1,0,0,0,1,0,0,0,0,0,0,0,0,0,0,0
1,0,54.27,0,0,0,0,0,0,0,0,1,0,0,0,0,0,0,0,0,0,0,0
1,1,56.87,1,0,0,0,0,1,1,0,0,1,0,0,0,0,0,0,0,0,0,0
1,1,34.38,1,1,1,0,0,0,0,0,0,0,0,0,0,0,0,0,0,0,0,0
1,1,27.79,1,1,1,0,0,0,0,0,0,0,0,0,0,0,0,0,0,0,0,0
1,0,53.69,1,0,0,0,0,1,0,0,0,0,1,0,0,0,0,0,0,0,0,0
1,0,43.91,1,1,0,1,0,0,0,0,0,0,0,0,0,0,0,0,0,0,0,0
1,1,41.03,1,1,1,0,0,0,0,0,0,0,0,0,0,0,0,0,0,0,0,0
1,0,33.28,1,0,0,0,0,1,0,1,0,0,0,0,1,0,0,0,0,0,0,0
1,0,39.1,1,1,0,0,0,0,0,0,0,0,0,0,0,0,0,1,0,0,0,0
1,0,31.82,1,1,1,0,0,0,0,0,0,0,0,0,0,0,0,0,0,0,0,0
1,1,67.6,1,0,0,0,0,1,0,0,0,0,1,0,1,0,0,0,0,0,0,0
1,0,30.38,0,1,1,0,0,0,0,0,0,0,0,0,0,0,0,0,0,0,0,1
1,0,48.58,1,1,0,0,0,0,0,0,0,0,0,0,0,0,0,0,0,0,0,0
1,0,50.83,0,0,0,0,0,0,0,0,0,0,0,0,0,0,0,0,0,1,0,0
1,0,45.09,1,0,0,0,0,1,0,0,0,0,1,0,0,0,0,0,0,0,0,0
1,1,47.82,1,1,1,0,0,0,0,0,0,0,0,0,0,0,0,0,0,0,0,0
1,0,32.43,0,0,0,0,0,1,0,0,0,0,0,0,0,0,0,0,0,1,0,0
1,1,38.04,1,0,0,0,0,0,0,0,0,0,1,0,0,0,0,0,0,0,1,0
1,0,26.47,1,1,1,0,0,0,0,0,0,0,0,0,0,0,0,0,0,0,0,0
1,0,29.58,1,1,0,0,0,0,0,0,0,0,0,0,0,0,0,0,0,0,0,0
1,0,28.22,1,1,1,0,0,0,0,0,0,0,0,0,0,0,0,0,0,0,0,0
1,1,66.04,1,0,0,0,0,1,0,0,0,0,0,0,1,0,0,0,0,0,0,0
1,0,39.83,1,0,0,0,0,0,0,0,0,0,0,0,1,0,0,1,0,0,0,0
1,0,33.65,1,0,0,0,0,1,0,0,0,0,0,0,0,0,0,0,0,0,0,0
1,1,60.21,0,0,0,0,1,0,0,1,0,0,0,0,0,0,0,0,0,0,0,0
1,0,35.18,1,1,1,0,0,0,0,0,0,0,0,0,0,0,0,0,0,0,0,0
1,0,35.12,1,0,0,0,0,0,0,0,0,0,0,0,0,0,0,0,0,0,0,0
1,0,58.46,1,0,0,0,0,0,0,0,0,0,0,0,0,0,0,0,0,0,0,0
1,1,26.14,1,0,1,0,0,0,0,0,0,0,0,0,0,0,1,0,0,0,0,0
1,0,30.31,1,1,1,0,0,0,0,0,0,0,0,0,0,0,0,0,0,0,0,0
1,1,38.22,1,0,0,0,1,0,0,1,0,0,0,0,0,0,1,0,0,0,0,0
1,0,35.89,1,1,1,0,0,0,0,0,0,0,0,0,0,0,0,0,0,0,0,0
1,0,39.8,1,0,0,0,0,1,0,0,0,0,1,0,0,0,0,0,0,0,0,0
1,0,55.84,0,0,0,0,0,0,0,0,0,1,0,0,0,0,0,0,0,0,0,0
1,1,49.92,1,1,1,0,0,0,0,0,0,0,0,0,0,0,0,0,0,0,0,0
1,0,50.16,1,0,1,0,0,0,0,0,0,0,0,0,0,0,0,0,0,0,0,0
1,0,52.45,1,1,1,0,0,0,0,0,0,0,0,0,1,0,0,0,0,0,0,0
1,1,51.33,0,0,0,1,1,0,0,0,0,0,0,0,0,0,0,0,0,0,0,0
1,1,61.78,0,0,0,0,1,0,0,0,0,0,0,0,0,0,0,0,0,0,0,0
1,1,52.41,1,1,1,0,0,0,0,0,0,0,0,0,0,0,0,0,0,0,0,0
1,0,35.18,1,1,1,0,0,0,0,0,0,0,0,0,0,0,0,0,0,0,0,0
1,1,47.73,1,0,0,0,0,1,0,0,0,0,1,0,0,0,0,0,0,0,0,0
1,1,35.19,0,0,0,0,0,0,0,0,0,0,0,0,0,0,0,0,0,1,0,0
1,1,31.29,1,1,1,0,0,0,0,0,0,0,0,0,0,0,0,0,0,0,0,0
1,0,31.1,1,0,0,0,0,1,0,0,0,0,0,0,0,0,0,0,1,0,0,0
1,1,37.14,1,0,0,0,0,1,0,0,0,0,1,0,0,0,0,0,0,0,0,0
1,0,37.27,1,1,1,0,0,0,0,0,0,0,0,0,1,0,0,0,0,0,0,0
1,1,52.43,1,0,0,0,0,0,0,0,0,0,0,0,0,0,0,0,0,0,0,0
1,0,42.68,1,1,1,0,0,0,0,0,0,0,0,0,0,0,0,0,0,0,0,0
1,0,32.32,1,1,0,0,0,0,0,0,0,0,0,0,0,0,0,0,0,0,0,0
1,0,61.06,1,0,0,0,0,1,0,0,1,0,1,0,0,0,0,0,0,0,0,0
1,1,48.21,1,0,0,0,0,1,0,0,0,0,0,0,0,0,0,0,0,0,0,0
1,0,34.12,1,1,1,0,0,0,1,0,0,0,0,0,0,0,0,0,0,0,0,0
1,0,30.69,1,0,0,0,0,1,0,1,0,0,0,0,0,0,0,0,0,0,0,0
1,0,30.24,1,1,1,0,0,0,0,0,1,0,0,0,0,0,0,0,0,0,0,0
1,0,28.53,1,1,1,0,0,0,0,0,0,0,0,0,0,0,0,0,0,0,0,0
1,0,47.62,1,1,1,0,0,0,0,0,0,0,0,0,0,0,0,1,0,0,0,0
1,0,35.25,0,0,0,0,0,1,0,1,0,0,0,0,0,0,0,0,0,1,0,0
1,0,23.47,0,1,1,0,0,0,0,0,1,0,0,0,0,0,0,0,0,0,0,0
1,0,49.72,1,1,1,1,0,0,0,0,0,0,0,0,0,1,0,0,0,0,0,0
1,0,36.21,1,0,0,0,0,1,0,0,0,0,0,0,0,0,0,0,0,0,0,0
1,0,22.82,1,1,0,0,0,0,0,0,0,0,0,0,0,0,0,0,0,0,0,0
1,0,42.01,1,1,0,0,0,0,0,0,0,0,0,0,0,0,0,0,0,0,0,0
1,1,28.58,0,0,0,0,0,1,0,0,0,0,0,0,0,0,0,0,0,1,0,0
1,0,25.64,1,0,0,0,0,1,0,0,0,0,0,0,0,0,0,0,0,0,0,0
1,0,66.01,0,0,0,1,0,0,0,0,1,0,0,0,0,0,0,0,0,0,0,0
1,0,46.5,0,1,0,0,0,0,0,0,0,0,0,0,0,0,0,0,0,0,0,0
1,1,57.85,0,0,0,1,1,0,0,0,0,0,0,0,0,0,0,0,0,0,0,0
1,0,43.06,1,0,0,0,0,0,0,1,0,0,0,0,0,0,0,0,0,0,0,0
1,1,49.85,0,0,0,0,0,0,0,0,0,0,0,0,0,0,0,0,0,0,0,0
1,0,33.27,1,1,1,0,0,0,0,0,0,0,0,0,0,0,0,0,0,0,0,0
1,0,27.84,1,1,1,0,0,0,0,0,0,0,0,0,0,0,0,1,0,0,0,0
1,1,62.45,1,1,1,0,0,0,0,0,0,0,0,0,0,0,0,0,0,0,0,0
1,1,55.42,1,0,0,0,0,1,0,0,1,0,1,0,1,0,0,0,0,0,0,0
1,1,37.78,1,0,0,0,0,1,0,0,0,0,0,0,0,0,0,0,0,0,0,0
1,0,37.29,1,1,1,0,0,0,0,0,0,0,0,0,0,0,0,0,0,0,0,0
1,0,32.33,1,1,0,0,0,0,0,0,0,0,0,0,0,0,0,0,0,0,0,0
1,0,38.39,1,1,1,0,0,0,0,0,0,0,0,0,0,0,0,0,0,0,0,0
1,1,42.79,1,1,0,0,0,0,0,1,0,0,0,0,0,0,0,0,0,0,0,0
1,0,47.45,0,0,0,0,0,0,0,0,0,0,0,0,0,0,0,0,0,0,0,0
1,0,54.62,1,0,0,0,0,1,0,1,0,0,1,0,0,0,0,0,0,0,0,0
1,1,29.13,1,1,1,0,0,0,0,0,0,0,0,0,0,0,0,0,0,0,0,0
1,1,39.98,1,1,1,0,0,0,0,0,0,0,0,0,0,0,0,0,0,0,0,0
1,0,28.68,1,0,0,0,0,1,0,1,0,0,0,0,0,0,0,0,0,0,0,0
1,1,23.3,1,1,1,0,0,0,0,0,0,0,0,0,0,0,0,0,0,0,0,0
1,0,21.76,1,1,0,0,0,0,0,0,0,0,0,0,0,0,0,0,0,0,0,0
1,0,38.63,1,1,0,0,0,0,0,0,0,0,0,0,0,0,0,0,0,0,0,0
1,1,49.83,1,1,1,0,0,0,0,0,0,0,0,0,0,0,0,0,0,0,0,0
1,1,38.84,1,0,0,0,0,1,0,0,0,0,0,0,0,1,0,0,0,0,0,0
1,1,22.56,1,0,0,0,0,0,1,0,0,0,0,0,0,0,0,0,0,0,0,0
1,0,67.59,1,1,1,0,0,0,0,0,0,0,0,0,0,0,0,0,0,0,0,0
1,1,73.9,1,1,1,0,0,0,0,0,0,0,0,0,0,0,0,0,0,0,0,0
1,0,62.27,1,0,0,0,0,1,0,0,0,0,0,0,1,0,0,0,0,0,0,0
1,1,57.86,1,1,1,0,0,0,0,0,0,0,0,0,0,0,0,0,0,0,0,0
1,0,30.92,1,1,0,0,0,0,0,0,0,0,0,0,0,0,0,0,0,0,0,0
1,0,20.23,1,1,1,0,0,0,0,0,0,0,0,0,0,0,0,0,0,0,0,0
1,1,41.32,1,0,0,0,0,0,0,0,0,0,0,0,0,0,0,0,0,0,0,0
1,1,53.71,1,0,0,0,0,1,0,0,0,0,0,0,0,0,0,1,0,0,0,0
1,0,34.65,1,1,1,0,0,0,0,0,0,0,0,0,0,0,0,0,0,0,0,0
1,1,51.96,1,1,0,0,0,0,0,0,0,0,0,0,0,0,0,0,0,0,0,0
1,1,30.09,1,1,0,0,0,0,0,0,0,0,0,0,0,0,0,0,0,0,0,0
1,0,58,0,0,0,1,1,0,0,0,0,0,0,0,0,0,0,0,0,0,0,0
1,0,31.48,1,1,1,0,0,0,0,0,0,0,0,0,0,0,0,0,0,0,0,0
0,1,57.39,0,0,0,0,0,0,0,0,0,0,0,0,0,0,0,0,0,0,0,0
0,1,49.72,0,0,0,0,0,0,0,0,0,1,0,0,0,0,0,0,0,0,0,0
0,0,60.29,0,0,0,1,0,0,0,0,0,1,0,0,0,0,0,0,0,0,0,0
0,0,73.68,0,1,0,1,0,0,0,0,0,0,0,0,0,0,1,0,0,0,0,0
0,1,64.82,0,0,0,0,0,0,0,0,0,0,0,0,0,0,0,0,0,0,0,0
0,0,33.65,0,0,0,1,1,0,0,0,0,0,0,1,0,0,1,0,0,0,0,0
0,0,67.41,0,0,0,0,0,0,0,0,0,0,0,0,0,0,0,0,0,0,0,0
0,1,72.2,0,1,0,1,1,0,0,0,0,0,0,0,0,1,0,0,0,0,0,0
0,0,69.34,0,0,0,0,0,0,0,0,0,0,0,0,0,0,0,0,0,0,0,0
0,1,79.11,0,0,0,0,0,0,0,0,0,0,0,1,0,0,0,0,0,0,0,0
0,0,68.02,0,0,0,0,0,0,1,0,0,0,0,0,0,0,0,0,0,0,0,0
0,1,76.01,0,0,0,1,1,0,1,0,0,0,0,0,0,0,0,0,0,0,0,0
0,0,82.04,0,1,0,1,0,0,0,0,0,1,0,1,0,0,0,0,0,0,0,0
0,0,58.02,0,0,0,1,1,0,0,0,0,0,0,0,0,0,0,0,0,0,0,0
0,1,52.69,0,0,0,0,0,0,0,0,0,0,0,0,0,0,0,0,0,0,0,0
0,1,81.59,0,0,0,1,1,0,0,0,0,0,0,0,0,0,0,0,1,0,0,0
0,1,74.47,0,0,0,0,0,0,1,0,0,0,0,0,0,0,0,0,0,0,0,1
0,0,76.24,0,0,0,1,0,0,0,0,0,0,0,0,0,0,0,0,0,0,0,0
0,0,57.3,0,0,0,0,0,0,0,0,0,0,0,0,0,0,0,0,0,0,0,0
0,1,67.33,0,0,0,0,0,0,0,0,0,0,0,0,0,0,0,0,0,0,1,0
0,0,63.86,0,0,0,0,1,0,1,0,0,0,0,0,0,0,0,0,1,0,0,0
0,1,64.39,0,0,1,0,0,0,0,0,0,1,0,0,0,0,0,0,0,0,0,0
0,1,69.14,0,0,0,0,1,0,0,1,0,0,0,0,0,0,0,0,0,0,0,0
0,0,66.08,0,0,0,1,0,0,0,0,0,0,0,0,0,0,0,0,0,0,0,0
0,0,54.95,0,1,0,0,0,0,0,1,0,0,0,1,0,0,0,0,0,0,0,0
0,1,45.63,1,1,1,0,0,0,0,0,0,0,0,0,0,1,0,0,0,0,0,0
0,0,36.6,0,0,0,1,0,0,0,0,0,0,0,0,0,0,0,0,0,0,0,0
0,0,49.48,0,1,0,0,0,0,0,0,0,0,0,0,0,0,0,0,0,0,0,0
0,1,69.6,0,0,0,1,0,0,1,0,0,1,0,0,0,0,0,0,0,0,0,0
0,1,54.93,0,0,0,0,0,0,1,0,1,0,0,0,0,0,0,0,0,0,0,0
0,0,58.9,0,1,0,1,0,0,0,0,0,1,0,1,0,0,0,0,0,0,0,0
0,1,61.5,0,0,0,0,0,0,0,0,0,0,0,0,0,0,0,0,0,0,0,0
0,0,64.52,0,0,0,1,1,0,0,0,0,0,0,0,0,0,0,0,0,0,0,0
0,0,65.85,0,0,0,0,1,0,1,1,0,0,0,0,0,0,1,0,0,0,0,0
0,0,60.82,0,0,0,0,0,0,0,0,0,0,0,0,0,0,0,0,0,0,0,0
0,1,53.85,0,1,0,0,0,0,0,0,0,0,0,0,0,0,0,0,0,0,0,0
0,0,39.53,0,0,0,0,0,0,0,0,0,0,0,1,0,0,0,0,0,0,0,0
0,0,58.62,0,1,0,1,0,0,0,0,0,0,0,1,0,0,0,0,1,0,0,0
0,0,56.47,0,0,0,0,0,0,0,1,0,0,0,0,0,0,0,0,0,0,0,0
0,0,65.94,0,1,0,0,0,0,0,0,0,0,0,1,0,0,0,0,0,0,0,0
0,1,36.16,1,1,1,0,0,0,0,0,0,0,0,0,0,0,0,0,0,0,0,0
0,0,72.53,0,0,0,0,0,0,0,0,0,0,0,0,0,0,0,0,0,0,0,0
0,0,48.95,0,1,0,1,0,0,0,0,0,1,0,0,0,0,0,0,0,0,0,0
0,0,39.43,0,0,0,1,0,0,1,0,0,0,0,0,0,0,0,0,0,0,0,0
0,0,54.48,0,0,0,1,0,0,1,0,1,0,0,0,0,0,0,0,1,0,0,0
0,1,63.91,0,0,0,1,1,0,1,0,0,0,0,0,0,0,0,0,0,0,0,0
0,0,66.44,0,0,0,0,1,0,1,0,0,1,0,0,0,0,0,0,0,0,0,0
0,1,52.27,0,0,0,0,1,0,0,0,0,0,0,0,0,0,0,0,0,0,0,0
0,0,64.82,0,0,0,0,0,1,1,0,0,0,0,0,0,0,0,0,0,0,0,0
0,0,89.29,0,0,0,1,0,0,0,0,0,0,0,0,0,0,0,0,0,0,0,0
0,0,54.66,0,0,0,1,0,0,0,0,0,0,0,0,0,0,0,0,0,0,0,0
0,0,60.72,0,0,0,0,0,0,0,1,1,0,0,0,0,0,0,0,0,0,0,0
0,1,77.32,0,1,0,0,0,0,1,0,0,0,0,0,0,0,0,0,0,0,0,0
0,0,60.72,0,0,0,0,0,0,1,0,0,1,0,0,0,0,0,0,0,0,0,0
0,0,80.17,0,0,0,0,1,0,0,0,0,0,0,1,0,0,0,0,1,0,0,0
0,0,51.72,0,0,0,0,1,0,0,0,0,0,0,0,0,0,0,0,0,0,0,0
0,0,53.4,0,0,0,0,0,0,1,0,0,0,0,0,0,0,0,0,0,0,0,0
0,0,43.86,0,0,0,0,1,0,0,0,0,1,0,0,0,0,0,0,0,0,0,0
0,0,74.39,0,0,0,0,0,0,1,0,0,0,0,0,0,0,0,1,0,0,0,0
0,0,76.32,0,0,0,0,0,0,1,0,0,0,0,0,0,0,0,0,0,0,0,0
0,0,49.62,0,0,0,0,0,0,0,0,0,0,0,0,0,0,0,0,0,0,0,0
0,1,48.91,0,0,0,1,1,0,0,0,1,0,0,0,0,0,0,0,0,0,0,0
0,0,68.92,0,0,0,0,0,0,0,0,0,0,0,0,0,0,0,0,0,0,1,0
0,1,74.98,0,1,0,0,0,0,0,0,1,0,0,0,0,0,0,0,0,0,0,0
0,0,69.58,0,0,0,0,1,0,0,0,0,0,0,0,0,0,0,0,0,0,0,0
0,1,64.53,0,0,0,0,0,0,0,0,0,0,0,0,0,0,0,0,0,0,0,0
0,0,58.39,0,0,0,0,0,0,0,0,0,0,0,0,0,0,0,0,0,0,0,0
0,1,47.24,0,1,0,0,0,0,0,0,0,0,0,0,0,0,0,0,0,0,0,0
0,0,61.77,0,0,0,0,1,0,0,0,0,0,0,0,0,0,0,0,0,0,0,1
0,0,75.53,0,1,0,0,0,0,0,0,0,0,0,0,0,0,0,0,0,0,0,0
0,0,52.67,0,1,0,1,0,0,0,0,0,0,0,0,0,0,0,0,0,0,0,0
0,0,47.55,0,0,0,1,0,0,0,0,0,0,0,0,0,0,0,0,0,0,0,0
0,1,21.79,0,1,1,0,0,0,0,0,0,0,0,0,0,0,0,0,0,0,0,0
0,0,72.46,0,0,0,0,0,0,0,0,1,0,0,0,0,0,0,0,0,0,1,0
0,1,68.3,0,0,0,0,0,0,0,0,0,0,0,0,0,0,0,0,0,0,0,0
0,0,67,0,1,0,0,0,0,0,0,0,0,0,0,0,0,0,0,0,0,0,0
0,1,52.65,0,0,0,1,0,0,0,0,0,0,0,0,0,0,0,0,0,0,0,0
0,0,59.03,0,1,0,0,0,0,0,0,1,0,0,0,0,0,0,0,0,0,0,0
0,1,59.41,0,1,0,0,0,0,1,1,0,0,0,0,0,0,0,0,0,0,0,0
0,0,48.99,0,1,1,1,0,0,0,0,0,0,0,0,0,0,0,0,1,1,0,0
0,0,76.16,0,0,0,1,1,0,0,0,0,0,0,0,0,0,0,0,0,0,0,0
0,0,72.53,0,0,0,0,1,0,1,0,0,0,0,0,0,0,0,0,1,0,0,0
0,0,67.51,0,0,0,0,0,0,1,0,0,0,0,0,0,0,0,0,0,0,0,0
0,1,82.32,0,0,0,0,0,0,0,0,0,0,0,0,0,0,0,0,0,0,0,0
0,1,64.57,0,0,0,0,0,0,0,0,0,0,0,0,0,0,0,0,0,0,0,0
0,0,75.73,0,1,0,0,0,0,0,0,0,0,0,1,0,0,0,0,0,0,0,0
0,1,85.61,0,0,0,0,0,0,0,1,0,0,0,0,0,0,0,0,1,0,0,0
0,0,73.29,0,1,0,1,0,0,0,0,0,0,0,0,0,0,0,0,0,0,0,0
0,1,78.75,0,0,0,1,0,0,0,0,1,0,0,0,0,0,0,0,0,0,0,0
0,1,45.37,1,1,1,0,0,0,0,1,0,0,0,0,0,0,0,0,0,0,0,0
0,1,42.62,0,1,0,0,1,0,0,0,0,0,0,1,0,0,0,0,0,0,0,0
0,0,53.82,0,0,0,0,1,0,0,0,0,0,0,0,0,0,0,0,0,0,0,0
0,0,68.79,0,0,0,0,0,0,1,0,0,0,0,0,0,0,0,0,0,0,0,0
0,0,43.67,1,1,0,0,0,0,0,0,0,0,0,0,0,0,0,0,0,0,0,0
0,0,59.79,0,0,0,0,0,0,0,0,0,0,0,0,0,0,0,0,0,0,0,0
0,0,52.38,0,0,0,0,0,0,0,0,0,0,0,0,0,0,0,0,1,0,0,0
0,1,61.67,0,0,0,1,0,0,1,0,0,0,0,0,0,0,0,0,0,0,0,0
0,1,40.57,0,0,0,1,0,0,0,0,0,0,0,0,0,0,0,0,0,0,0,0
0,1,63.72,0,0,0,0,1,0,0,0,0,0,0,0,0,0,1,0,0,0,0,0
0,0,63.84,0,1,0,1,0,0,0,0,1,0,0,0,0,0,0,0,0,0,0,0
0,0,70.27,0,0,0,0,1,0,0,0,0,0,0,0,0,0,0,0,0,0,0,0
0,0,59.99,0,0,0,1,0,0,0,0,0,0,0,0,0,0,0,0,0,0,0,0
0,0,56.28,0,0,0,1,0,0,1,0,0,0,0,0,0,0,0,0,0,0,0,0
0,0,62.52,0,1,0,1,0,0,0,0,1,0,0,0,0,0,0,0,0,0,0,0
0,0,24.23,0,1,1,0,0,0,0,0,0,0,0,0,0,0,0,0,0,0,0,0
0,1,72.95,0,1,0,0,1,0,0,0,0,0,0,0,0,0,1,0,0,0,0,0
0,0,54.55,0,0,0,0,0,0,0,0,0,0,0,0,0,0,0,0,0,0,0,0
0,0,86.42,0,0,0,0,0,0,0,0,0,0,0,1,0,1,0,0,0,0,0,0
0,0,62.61,0,0,0,0,1,0,0,0,0,0,0,0,0,0,0,0,0,0,0,0
0,1,63.27,0,0,0,1,0,0,0,0,1,0,0,0,0,0,0,0,0,0,0,0
0,1,58.55,0,0,0,0,0,0,0,0,0,0,0,0,0,0,0,0,0,0,0,0
0,0,60.01,0,1,0,0,1,0,0,0,0,0,0,1,0,0,0,0,0,0,0,0
0,0,67.05,0,0,0,0,0,0,0,0,0,0,0,0,0,0,1,0,0,0,0,0
0,0,23.85,1,1,1,0,1,0,0,0,0,1,0,0,0,0,0,0,0,0,0,0
0,0,58.16,0,0,0,1,0,0,0,0,1,0,0,0,0,0,0,0,1,0,0,0
0,0,64.05,0,0,0,0,0,0,0,0,0,0,0,0,0,0,1,0,0,0,0,0
0,0,65.1,0,0,0,1,0,0,0,0,0,0,0,0,0,0,0,0,0,0,0,0
0,1,61.09,0,1,0,1,0,0,1,0,0,0,0,0,0,0,0,0,0,0,0,0
0,0,52.44,0,0,0,0,1,0,0,1,0,0,0,0,0,0,0,0,0,0,0,0
0,1,78.72,1,0,0,0,1,0,1,1,0,0,0,0,0,0,0,0,0,0,,
0,0,63.33,0,1,0,0,0,0,0,0,0,1,0,1,0,0,0,0,0,0,,
0,0,63.24,0,0,0,0,0,0,0,0,0,0,0,0,0,0,0,0,0,0,0,0
0,1,23.36,0,1,1,0,1,1,1,1,1,1,1,1,0,1,1,1,1,1,1,1
0,0,65.26,0,1,0,0,0,0,0,0,0,0,0,1,0,0,0,0,0,0,0,0
0,0,50.22,0,1,0,0,1,0,0,0,0,1,0,0,0,0,0,0,0,0,0,0
0,0,55.57,0,1,0,0,0,0,0,0,0,0,0,0,0,0,0,0,0,0,0,0
0,0,60.71,0,1,0,1,0,0,0,1,0,0,0,1,0,0,0,0,0,0,0,0
0,1,62.6,0,1,0,1,0,0,0,0,0,0,0,0,0,0,0,0,0,0,0,0
0,0,69.26,0,0,1,0,0,0,0,0,0,1,0,0,0,0,0,0,0,0,0,0
0,0,56.51,0,0,0,0,0,0,0,0,0,0,0,0,0,0,0,0,0,0,0,0
0,1,76.2,0,1,0,0,0,0,0,0,0,1,0,0,0,0,0,0,0,0,0,1
0,0,76.69,0,1,0,1,0,0,0,0,0,0,0,0,0,0,0,0,0,0,0,0
0,0,86.02,0,1,0,0,1,0,0,0,0,0,0,1,0,0,0,0,0,0,0,0
0,1,69.22,0,0,0,0,1,0,0,0,0,0,0,0,0,0,0,0,0,0,0,0
0,0,59.6,0,0,0,0,0,0,0,1,0,0,0,0,0,0,0,0,0,0,0,0
0,1,75.92,0,1,0,1,0,0,0,0,0,0,0,0,0,1,0,0,0,0,0,0
0,0,57.55,0,0,0,1,0,0,0,0,0,0,0,0,0,0,0,0,0,0,0,0
0,0,69.7,0,0,0,0,0,0,0,0,1,0,0,0,0,0,0,0,0,0,0,0
0,1,45.62,0,1,1,1,0,0,1,0,0,0,0,1,0,0,0,0,0,0,0,0
0,0,47.36,0,0,0,0,0,0,0,0,0,0,0,0,0,0,0,0,0,0,0,0
0,0,74.16,0,0,0,0,0,0,0,0,0,1,0,0,0,0,0,0,0,0,0,0
0,0,60.01,0,0,0,0,1,0,0,0,0,0,0,0,0,0,0,0,0,0,0,0
0,0,78.25,0,1,0,1,0,0,0,0,0,0,0,0,0,0,0,0,0,0,0,0
0,0,59.18,0,1,0,0,1,0,0,0,0,0,0,1,0,0,0,0,0,0,0,0
0,1,21.73,1,1,1,0,0,0,0,1,0,0,0,0,0,0,0,0,0,0,0,0
0,0,81.09,0,0,0,0,0,0,0,1,0,0,0,0,0,0,0,0,0,0,0,0
0,0,70.16,0,1,0,0,0,0,1,0,0,0,0,0,0,0,0,0,0,0,0,1
0,1,62.42,0,1,0,1,0,0,0,0,0,0,0,1,0,0,0,0,0,0,1,0
0,1,75.52,0,0,0,1,0,0,0,0,0,0,0,0,0,0,0,0,0,0,0,0
0,0,60.37,1,1,1,0,0,0,0,0,0,0,0,0,0,0,0,0,0,0,0,0
0,1,63.15,0,1,0,0,0,0,1,0,0,0,0,0,0,1,0,0,0,0,0,1
0,0,61.14,0,1,0,1,0,0,1,0,0,0,0,1,0,0,0,0,0,0,0,0
0,1,47.19,0,0,0,1,0,0,0,0,0,0,0,1,0,0,0,0,0,0,0,0
0,1,76.41,0,1,0,0,0,0,0,0,0,0,0,0,0,0,0,0,0,0,0,0
0,1,84.79,0,0,0,0,0,0,0,0,0,0,0,0,0,0,0,0,0,0,0,0
0,0,77.42,0,0,0,0,0,0,0,1,0,0,0,0,0,0,0,0,0,0,1,0
0,1,48.5,0,0,0,1,0,0,0,0,0,0,1,0,0,0,0,0,1,0,0,0
0,1,69.61,0,1,0,0,0,0,0,0,0,0,0,0,0,0,0,0,0,0,0,0
0,0,56.03,0,0,0,0,0,0,0,0,0,1,0,0,0,0,0,0,0,0,0,0
0,1,76.47,0,1,0,1,1,0,1,0,0,0,0,1,0,0,0,0,0,0,0,0
0,0,70.32,0,1,0,0,0,0,0,0,0,0,0,0,0,0,0,0,1,0,0,0
0,0,34.73,1,1,1,0,0,1,0,0,0,0,0,0,0,0,0,0,0,0,0,0
0,0,68.93,0,0,0,1,1,0,0,0,0,0,0,0,0,0,0,0,0,0,0,0
0,0,54.59,1,1,1,0,1,0,0,0,0,0,0,0,0,0,0,0,0,0,0,0
0,0,74.86,0,0,0,1,0,0,0,0,1,1,0,0,0,0,0,0,0,0,0,0
0,0,73.53,0,0,0,0,1,0,0,0,0,0,0,0,0,0,0,0,0,0,0,0
0,0,57.31,0,0,0,0,0,0,0,0,0,1,0,0,0,0,0,0,0,0,0,0
0,0,44.63,0,0,0,0,1,0,1,0,0,0,0,0,0,0,0,0,1,0,0,0
0,0,83.73,0,1,0,1,0,0,0,0,0,0,0,0,0,1,0,0,0,0,0,1
0,0,74.8,0,0,0,0,0,0,0,0,0,0,0,0,0,0,0,0,0,0,0,0
0,0,51.75,0,0,0,1,0,0,0,1,0,0,0,0,0,1,0,0,0,0,0,0
0,0,52.16,0,0,0,0,0,0,0,0,1,0,0,0,0,0,0,0,1,0,0,0
0,0,73.28,0,0,0,1,1,0,0,0,0,0,0,0,0,0,0,0,0,0,0,0
0,0,81.84,0,0,0,1,0,0,0,0,0,0,0,0,0,0,0,0,0,0,0,0
0,1,78.26,0,0,0,0,0,0,0,0,0,0,0,0,0,0,0,0,0,0,0,0
0,0,57.85,0,1,0,0,0,0,0,0,0,0,0,0,0,0,0,0,0,0,0,0
0,1,53.4,0,0,0,1,1,0,0,0,0,0,0,0,0,0,0,0,0,0,0,0
0,1,50.9,0,0,0,0,1,0,0,0,0,0,0,0,0,0,0,0,0,0,0,0
0,1,78.15,0,0,0,0,0,0,0,0,0,0,0,0,0,0,0,0,0,0,0,1
0,1,76.65,0,0,0,0,0,0,0,0,0,1,0,0,0,0,0,0,0,0,1,0
0,0,57.32,0,0,0,1,1,0,0,0,0,0,0,0,0,0,0,0,1,0,0,0
0,0,36.3,0,1,0,1,0,0,0,0,0,0,0,0,0,0,0,0,0,0,0,0
0,1,72.78,0,0,0,0,0,0,0,1,0,0,0,0,0,0,0,0,0,0,0,0
0,0,31.03,1,1,1,0,0,0,0,0,0,0,0,0,0,0,0,0,0,0,0,0
0,0,65.18,0,0,0,1,0,0,0,0,1,0,0,0,0,0,0,0,0,0,0,0
0,0,63.55,0,0,0,0,0,0,0,0,0,0,0,0,0,0,0,0,0,0,0,0
0,1,49.96,1,1,0,0,0,0,0,0,0,0,0,0,0,0,0,0,0,0,0,0
0,1,59.85,0,0,0,1,0,0,0,0,0,0,0,0,0,0,0,0,0,0,0,0
0,0,69.64,0,1,0,1,1,0,0,0,0,0,0,0,0,0,1,0,0,0,0,0
0,0,62.83,0,0,0,0,0,0,0,1,0,0,0,0,0,0,0,0,0,0,0,0
0,1,52.74,0,0,0,0,0,0,0,0,0,0,0,0,0,0,0,0,0,0,0,0
0,0,56.81,0,0,0,1,0,0,0,0,0,0,0,0,0,0,0,0,0,0,0,0
0,0,81.46,0,0,0,0,0,0,0,0,1,1,0,0,0,0,0,0,0,0,0,0
0,0,40.8,0,0,0,0,0,0,0,0,0,0,0,0,0,0,0,0,0,0,0,0
0,1,81.87,0,0,0,0,0,0,1,0,0,0,0,0,0,0,0,0,0,0,0,0
0,1,50.47,0,0,0,0,0,0,0,0,0,0,0,0,0,0,0,0,0,0,0,0
0,1,38.02,0,0,0,0,0,0,0,0,0,0,0,0,0,0,0,0,0,0,0,0
0,0,48.5,0,1,0,1,0,0,0,0,0,0,0,0,0,0,0,0,0,0,0,0
0,0,51.24,0,0,0,0,0,0,0,0,0,1,0,0,0,0,0,0,0,0,0,0
0,0,66.93,0,0,0,0,1,0,1,0,0,0,0,0,0,0,0,0,0,0,0,1
0,0,71.86,0,1,0,1,0,0,0,0,0,0,0,0,0,0,0,0,0,0,0,0
0,1,24.43,0,1,0,0,0,0,0,0,1,0,0,0,0,0,0,0,0,0,0,0
0,1,63.53,0,0,0,1,0,0,0,0,0,0,0,0,0,0,0,0,0,0,0,0
0,0,69.32,0,0,0,1,0,0,0,0,0,0,0,0,0,0,0,0,0,0,0,0
0,1,78.02,0,1,0,0,0,0,0,1,0,0,0,0,0,0,0,0,0,0,0,0
0,0,30.42,0,0,0,1,0,0,0,0,0,0,0,0,0,0,0,0,0,0,0,0
0,1,52.79,1,1,0,0,0,0,0,0,0,0,0,0,0,0,0,0,0,0,1,0
0,0,65.16,0,0,0,1,0,0,0,0,0,1,0,0,0,0,0,0,0,0,0,0
0,0,78.74,0,0,0,0,0,0,0,0,0,1,0,0,0,0,0,0,0,0,0,0
0,0,61.1,0,1,0,1,0,0,1,0,0,0,0,0,0,0,0,0,0,0,0,0
0,0,50.47,0,0,0,0,0,0,0,0,0,0,0,0,0,0,0,0,0,0,0,0
0,0,39.16,1,1,1,0,0,0,0,0,0,0,0,0,0,0,0,0,0,0,0,0
0,0,55.13,0,1,0,1,1,0,0,0,0,0,0,0,0,0,1,0,0,0,0,0
0,0,66.22,0,0,0,0,0,0,1,0,1,0,0,0,0,0,0,0,0,0,0,1
0,0,49.02,0,0,0,1,0,0,0,0,0,0,0,0,0,0,0,0,0,0,0,0
0,1,54.21,0,0,1,1,1,0,0,0,0,0,0,0,0,0,0,0,0,0,0,0
0,0,58.13,0,0,0,0,1,0,0,0,0,0,0,0,0,0,0,0,0,0,0,0
0,1,73.01,0,0,0,0,0,0,0,0,1,0,0,0,0,0,0,0,0,0,0,0
0,1,53.83,0,0,0,0,0,0,0,0,0,0,0,0,0,0,0,0,0,0,0,0
0,0,63.8,0,0,0,0,1,0,0,0,0,0,0,0,0,0,0,0,0,0,0,0
0,1,66.52,0,0,0,1,0,0,0,0,0,0,0,0,0,0,0,0,0,0,0,0
0,0,49.88,0,0,0,1,0,0,0,0,0,0,0,0,0,0,0,0,0,0,0,0
0,0,59.92,0,0,0,0,0,0,1,0,0,0,0,0,0,0,0,0,0,0,0,0
0,0,54.9,0,0,0,0,1,0,0,0,1,0,0,0,0,0,0,0,0,0,0,0
0,0,57.75,0,0,0,0,0,0,0,0,0,0,0,0,0,0,0,0,0,0,0,0
0,1,59.43,0,1,0,1,1,0,0,1,0,0,0,0,0,0,0,0,0,0,0,0
0,1,44.15,0,0,0,0,0,0,0,0,1,0,0,1,0,0,0,0,0,0,0,0
0,1,58.04,0,0,0,0,0,0,0,0,0,0,0,0,0,0,0,0,0,0,0,0
0,0,65.05,0,1,0,0,1,0,0,0,0,0,0,0,0,0,1,0,0,0,0,0
0,0,67.09,0,0,0,0,0,0,0,1,0,0,0,0,0,0,0,0,0,0,0,0
0,1,75.47,0,0,0,0,0,0,0,0,0,0,0,0,0,0,0,0,0,0,1,0
0,0,88.57,0,0,0,0,0,0,0,0,1,0,0,0,0,0,0,0,0,0,0,0
0,1,38.56,0,1,0,0,0,0,0,0,0,0,0,0,0,0,0,0,0,0,0,0
0,1,53.23,0,0,0,0,1,0,0,0,0,0,0,0,0,0,0,0,0,0,0,0
0,1,75.35,0,0,0,0,0,0,0,0,0,0,0,0,0,0,0,0,0,0,0,0
0,0,66.74,0,1,0,1,0,0,0,0,1,0,0,0,0,0,0,0,1,0,0,0
0,0,51.14,0,0,0,0,0,0,0,0,0,0,0,0,0,0,0,0,0,0,0,0
0,0,40.99,1,1,1,1,0,0,0,0,0,0,0,0,0,0,0,0,0,0,0,0
0,1,58.02,0,0,0,0,0,0,1,0,0,0,0,0,0,0,0,0,0,0,0,0
0,0,57.08,0,1,0,1,0,0,0,0,0,0,0,0,0,0,0,0,0,0,0,0
0,0,40.73,0,0,0,0,0,0,0,0,0,0,0,0,0,0,0,0,0,0,0,0
0,0,40.56,1,1,1,0,0,0,0,0,0,0,0,0,0,0,0,0,0,0,0,0
0,0,54.24,0,1,0,0,0,0,0,0,0,0,0,1,0,0,0,0,0,0,0,0
0,0,53.37,0,1,0,0,1,0,1,1,0,0,0,0,0,0,0,0,0,0,0,0
0,1,56.02,0,0,0,0,0,0,0,0,0,0,0,0,0,0,0,0,0,0,0,0
0,1,59.84,0,0,0,0,0,0,0,0,0,0,0,0,0,0,0,0,0,0,0,0
0,1,75.32,0,1,0,1,0,0,0,0,0,0,0,0,0,1,0,0,0,0,0,0
0,0,59.03,0,0,0,1,1,0,0,0,0,0,0,0,0,0,0,0,0,0,0,0
0,1,44.37,0,0,1,0,0,0,0,1,0,0,0,0,0,0,0,0,0,0,0,0
0,0,46.65,0,1,0,0,0,0,0,0,0,0,0,0,0,0,0,0,0,0,0,0
0,0,68.68,0,0,0,0,1,0,0,0,0,0,0,0,0,0,0,0,0,0,0,0
0,1,30.93,1,1,1,0,0,0,0,0,0,0,0,0,0,0,0,0,0,0,0,0
0,1,64.82,0,0,0,0,1,0,0,0,0,1,0,0,0,0,0,0,1,0,0,0
0,1,36.83,0,0,0,0,1,0,0,0,0,0,0,0,0,0,0,0,0,0,0,0
0,0,78.74,0,0,0,0,0,0,0,1,0,0,0,0,0,0,0,0,0,0,0,0
0,0,83.64,0,0,0,1,0,0,1,0,0,1,0,0,0,0,0,0,0,0,0,0
0,0,51.55,0,0,0,0,1,0,0,0,0,0,0,0,0,0,0,0,0,0,0,0
0,1,63.32,0,0,0,1,1,0,1,0,0,0,0,0,0,0,0,0,0,0,0,0
0,1,59.62,0,0,0,1,0,0,0,0,0,0,0,0,0,0,0,0,0,0,0,0
0,1,72.53,0,0,0,0,0,0,0,0,0,0,0,0,0,0,0,0,0,0,0,1
0,1,53.64,0,1,0,0,0,0,0,0,1,0,0,1,0,0,0,0,1,0,0,0
0,0,74.23,0,0,0,0,0,0,0,0,0,0,0,0,0,0,0,0,0,0,0,1
0,1,60.67,0,0,0,0,0,0,1,0,0,0,0,0,0,0,0,0,0,0,0,0
0,0,54.81,0,0,0,0,1,0,0,0,0,0,0,0,0,0,0,0,0,0,0,0
0,0,63.02,0,1,0,0,1,0,0,0,0,0,0,0,0,0,0,0,0,0,0,0
0,0,58.84,0,0,0,0,0,0,0,0,0,0,0,0,0,0,0,0,0,0,0,0
0,0,60.75,0,0,0,0,1,0,1,0,0,0,0,0,0,0,0,0,0,0,0,0
0,0,71.7,0,0,0,0,1,0,0,1,0,0,0,0,0,0,0,0,0,0,0,0
0,0,75.21,0,0,0,0,1,0,1,0,0,0,0,0,0,0,0,0,0,0,0,0
0,0,50.85,0,0,1,1,1,0,1,0,0,0,0,0,0,0,0,0,0,0,0,0
0,0,67.02,0,0,0,0,0,0,0,1,0,0,0,0,0,0,0,0,0,0,0,0
0,0,60.98,0,0,0,0,0,0,1,0,0,0,0,0,0,0,0,0,0,0,0,0
0,1,65.39,0,0,0,1,0,0,0,0,0,1,0,0,0,0,0,0,0,0,0,0
0,0,51.25,0,1,0,0,0,0,0,0,0,0,0,0,0,0,0,0,0,0,0,0
0,0,45.82,0,0,0,0,0,0,0,0,0,0,0,0,0,0,0,0,0,0,0,0
0,1,39.87,0,0,0,1,0,0,0,0,0,0,0,0,0,0,0,0,0,0,0,0
0,1,70.67,0,0,0,1,1,0,0,0,0,0,0,0,0,0,0,0,0,0,0,0
0,1,73.36,0,0,0,0,0,0,0,0,0,0,0,0,0,0,0,0,0,0,0,0
0,1,65.99,0,1,1,0,0,0,0,0,0,0,0,0,0,0,0,0,0,0,0,0
0,1,53.64,0,1,1,1,1,1,1,0,1,1,0,1,0,0,1,0,1,0,1,1
0,1,72.69,0,0,0,0,0,0,1,0,0,0,0,0,0,0,0,0,0,0,0,0
0,0,61.48,0,0,0,0,1,0,1,0,0,0,0,0,0,0,1,1,0,0,0,0
0,0,65.06,0,0,0,0,0,0,0,0,0,0,0,0,0,0,0,0,0,0,0,0
0,0,30.9,1,1,1,0,0,0,0,0,0,1,0,0,0,0,0,0,0,0,0,0
0,0,64.14,0,0,0,0,1,0,0,0,0,1,0,0,0,0,0,0,0,0,0,0
0,0,55.73,0,0,0,0,0,0,0,0,0,0,0,0,0,0,0,0,0,0,1,0
0,1,79.34,0,0,0,1,0,0,1,0,0,0,0,0,0,0,1,0,0,0,0,0
0,0,74.81,0,0,0,1,0,0,0,0,0,0,0,0,0,0,0,0,0,0,0,0
0,0,63.07,0,0,0,0,0,0,1,0,0,0,0,0,0,0,0,0,0,0,0,0
0,1,81.06,0,0,0,0,0,0,0,0,1,0,0,0,0,0,0,0,0,0,0,0
0,1,53.24,0,1,0,0,0,0,0,0,0,0,0,0,0,0,0,0,0,0,0,0
0,0,69.94,0,0,0,0,0,0,0,0,1,0,0,0,0,0,0,0,0,0,0,0
0,0,60.94,1,0,1,0,0,0,0,0,0,1,0,0,0,0,0,0,0,0,0,0
0,0,55.59,0,0,0,0,1,0,0,1,0,0,0,0,0,0,0,0,0,0,0,0
0,1,75.94,0,1,0,0,1,0,0,0,0,0,0,0,0,0,0,0,0,0,0,0
0,0,47.96,0,0,0,0,1,0,1,0,0,0,0,0,0,0,0,0,0,0,0,0
0,1,71.19,0,1,0,1,0,0,0,0,0,0,0,1,0,0,0,0,0,0,0,0
0,0,71.41,0,1,0,1,0,0,0,0,0,0,0,0,0,0,0,0,0,0,0,0
0,0,25.22,1,1,1,0,0,0,0,0,0,0,0,0,0,0,0,0,0,0,0,0
0,0,61.68,0,0,0,0,0,0,0,0,0,0,0,0,0,0,0,0,0,0,0,0
0,1,47.83,0,1,0,1,0,0,0,0,0,0,0,1,0,0,0,0,0,0,0,0
0,1,50.35,0,0,0,0,0,0,0,0,0,0,0,0,0,1,0,0,0,0,0,0
0,1,72.27,0,0,0,0,0,0,0,0,1,0,0,0,0,0,0,0,0,0,0,0
0,0,31.02,1,1,1,0,0,0,0,0,0,0,0,0,0,0,0,0,0,0,0,1
0,0,86.59,0,0,0,0,0,0,1,0,0,0,0,0,0,0,0,0,0,0,0,0
0,1,38.59,1,1,0,0,0,0,0,0,0,0,0,0,0,0,0,0,0,0,0,0
0,1,72.83,0,1,0,0,0,0,0,1,1,0,0,0,0,0,0,0,0,0,0,0
0,1,55.13,0,0,1,1,0,0,0,0,0,0,0,1,0,0,0,0,0,0,0,0
0,1,66.88,0,0,0,0,0,0,0,0,0,0,0,1,0,0,0,0,0,0,0,0
0,1,55.99,0,0,0,0,0,0,0,0,0,0,0,0,0,0,0,0,0,0,0,0
0,0,65.94,0,0,0,0,0,0,0,1,0,0,0,0,0,0,0,0,0,0,0,0
0,1,72.16,0,0,0,0,0,0,1,1,0,0,0,0,0,0,0,0,0,0,0,0
0,1,33.02,0,1,0,0,0,0,0,0,0,0,0,0,0,0,0,0,0,0,0,0
0,0,83.31,0,0,1,1,1,0,0,0,0,0,0,0,0,0,0,0,0,0,0,0
0,0,43.71,1,1,1,0,0,0,0,0,0,0,0,0,0,0,0,0,0,0,0,0
0,0,68.61,0,0,0,0,0,0,0,0,1,0,0,0,0,0,0,0,0,0,0,0
0,1,47.73,0,0,0,1,0,0,0,0,1,0,0,0,0,0,0,0,0,0,0,0
0,0,79.5,0,0,0,0,0,0,0,1,0,0,0,0,0,0,0,0,0,0,0,0
0,0,67.89,0,0,0,0,0,0,0,0,0,0,0,0,0,0,0,0,0,0,0,1
0,1,49.82,0,0,0,1,1,0,0,0,0,0,0,0,0,0,0,0,0,0,0,0
0,1,66.7,0,0,0,1,1,0,0,0,0,0,0,0,0,0,0,0,0,0,0,0
0,0,68.61,0,0,0,0,0,0,0,0,0,0,0,0,0,0,0,0,0,0,0,0
0,1,47.14,0,0,0,0,0,0,0,1,0,0,0,0,0,0,0,0,0,0,0,0
0,0,61.6,0,0,0,1,1,0,0,0,0,0,0,0,0,0,0,0,0,0,0,0
0,1,49.43,0,1,0,1,0,0,1,0,0,0,0,0,0,0,0,0,0,0,0,0
0,0,67.33,0,0,0,1,0,0,0,0,1,0,0,0,0,0,0,0,0,0,0,0
0,1,32.73,0,0,0,0,0,0,0,0,0,0,0,0,0,0,0,0,0,0,0,0
0,1,65.11,0,0,0,0,1,0,0,0,0,1,0,0,0,0,0,0,0,0,1,0
0,1,66.58,0,1,0,1,0,0,0,0,0,0,0,0,0,0,0,0,0,0,0,0
0,0,62.77,0,0,0,0,0,0,0,0,0,0,0,0,0,0,0,0,0,0,0,0
0,0,50.04,0,0,0,1,1,0,0,0,0,0,0,0,0,0,0,0,0,0,0,0
0,1,34.3,0,0,0,0,0,0,0,0,0,0,0,0,0,0,0,0,0,0,0,0
0,1,61.03,0,0,0,0,0,0,0,0,0,0,0,0,0,0,0,0,0,0,0,0
0,0,77.97,0,0,0,0,0,0,0,0,0,0,0,0,0,0,0,0,0,0,0,0
0,0,54.28,0,0,0,0,0,0,0,0,0,0,0,0,0,0,0,0,0,0,0,1
0,0,51.09,0,0,0,0,0,0,0,0,0,0,0,0,0,0,0,0,0,0,0,0
0,0,53.02,0,1,0,1,0,0,0,0,0,0,0,0,0,0,0,0,0,0,0,0
0,0,46.92,0,0,0,0,0,0,1,0,0,0,0,0,0,0,0,0,0,0,0,0
0,0,52.67,0,0,0,1,1,0,0,0,0,0,0,0,0,0,0,0,0,0,0,0
0,1,48.68,0,1,1,1,0,0,0,1,1,0,0,1,0,1,1,1,0,0,0,0
0,0,51.56,0,0,0,1,0,0,0,0,0,0,0,0,0,0,0,0,0,0,0,0
0,1,62.11,0,1,0,0,0,0,0,0,0,0,0,0,0,0,0,0,0,0,0,0
0,0,58.05,0,0,0,1,0,0,0,0,1,0,0,0,0,0,0,0,0,0,0,0
0,0,61.31,0,0,0,0,0,0,0,0,1,0,0,0,0,0,0,0,0,0,0,0
0,0,66.3,1,1,0,0,0,0,0,0,0,0,0,0,0,0,0,0,0,0,0,0
0,0,64.12,0,0,0,1,0,0,0,0,0,0,0,0,0,0,0,0,0,0,0,0
0,0,56.31,0,0,0,0,0,0,0,0,0,0,0,0,0,0,0,0,0,0,0,0
0,1,77.89,0,0,0,1,0,0,0,0,0,0,0,0,0,0,0,0,0,0,0,0
0,0,85.18,0,1,0,1,0,0,0,0,0,0,0,0,0,0,0,0,0,0,0,0
0,1,77.49,0,1,0,1,0,0,0,0,0,0,0,0,0,0,0,0,0,0,0,0
0,0,63.33,0,1,0,0,0,0,1,1,0,0,0,1,0,0,0,0,0,0,0,0
0,0,76.61,0,0,0,0,0,0,0,0,0,0,0,0,0,0,0,0,0,0,0,0
